Ad Group,Keyword,Campaign,Criterion Type
sofas,sofas sale,SEM Sofas,Exact
sofas,sale sofas,SEM Sofas,Exact
sofas,sofas bargain,SEM Sofas,Exact
sofas,bargain sofas,SEM Sofas,Exact
sofas,sofas affordable,SEM Sofas,Exact
sofas,affordable sofas,SEM Sofas,Exact
sofas,sofas cheap,SEM Sofas,Exact
sofas,cheap sofas,SEM Sofas,Exact
sofas,sofas low cost,SEM Sofas,Exact
sofas,low cost sofas,SEM Sofas,Exact
sofas,sofas low price,SEM Sofas,Exact
sofas,low price sofas,SEM Sofas,Exact
sofas,sofas budget,SEM Sofas,Exact
sofas,budget sofas,SEM Sofas,Exact
sofas,sofas inexpensive,SEM Sofas,Exact
sofas,inexpensive sofas,SEM Sofas,Exact
sofas,sofas economical,SEM Sofas,Exact
sofas,economical sofas,SEM Sofas,Exact
convertible sofas,convertible sofas sale,SEM Sofas,Exact
convertible sofas,sale convertible sofas,SEM Sofas,Exact
convertible sofas,convertible sofas bargain,SEM Sofas,Exact
convertible sofas,bargain convertible sofas,SEM Sofas,Exact
convertible sofas,convertible sofas affordable,SEM Sofas,Exact
convertible sofas,affordable convertible sofas,SEM Sofas,Exact
convertible sofas,convertible sofas cheap,SEM Sofas,Exact
convertible sofas,cheap convertible sofas,SEM Sofas,Exact
convertible sofas,convertible sofas low cost,SEM Sofas,Exact
convertible sofas,low cost convertible sofas,SEM Sofas,Exact
convertible sofas,convertible sofas low price,SEM Sofas,Exact
convertible sofas,low price convertible sofas,SEM Sofas,Exact
convertible sofas,convertible sofas budget,SEM Sofas,Exact
convertible sofas,budget convertible sofas,SEM Sofas,Exact
convertible sofas,convertible sofas inexpensive,SEM Sofas,Exact
convertible sofas,inexpensive convertible sofas,SEM Sofas,Exact
convertible sofas,convertible sofas economical,SEM Sofas,Exact
convertible sofas,economical convertible sofas,SEM Sofas,Exact
love seats,love seats sale,SEM Sofas,Exact
love seats,sale love seats,SEM Sofas,Exact
love seats,love seats bargain,SEM Sofas,Exact
love seats,bargain love seats,SEM Sofas,Exact
love seats,love seats affordable,SEM Sofas,Exact
love seats,affordable love seats,SEM Sofas,Exact
love seats,love seats cheap,SEM Sofas,Exact
love seats,cheap love seats,SEM Sofas,Exact
love seats,love seats low cost,SEM Sofas,Exact
love seats,low cost love seats,SEM Sofas,Exact
love seats,love seats low price,SEM Sofas,Exact
love seats,low price love seats,SEM Sofas,Exact
love seats,love seats budget,SEM Sofas,Exact
love seats,budget love seats,SEM Sofas,Exact
love seats,love seats inexpensive,SEM Sofas,Exact
love seats,inexpensive love seats,SEM Sofas,Exact
love seats,love seats economical,SEM Sofas,Exact
love seats,economical love seats,SEM Sofas,Exact
recliners,recliners sale,SEM Sofas,Exact
recliners,sale recliners,SEM Sofas,Exact
recliners,recliners bargain,SEM Sofas,Exact
recliners,bargain recliners,SEM Sofas,Exact
recliners,recliners affordable,SEM Sofas,Exact
recliners,affordable recliners,SEM Sofas,Exact
recliners,recliners cheap,SEM Sofas,Exact
recliners,cheap recliners,SEM Sofas,Exact
recliners,recliners low cost,SEM Sofas,Exact
recliners,low cost recliners,SEM Sofas,Exact
recliners,recliners low price,SEM Sofas,Exact
recliners,low price recliners,SEM Sofas,Exact
recliners,recliners budget,SEM Sofas,Exact
recliners,budget recliners,SEM Sofas,Exact
recliners,recliners inexpensive,SEM Sofas,Exact
recliners,inexpensive recliners,SEM Sofas,Exact
recliners,recliners economical,SEM Sofas,Exact
recliners,economical recliners,SEM Sofas,Exact
sofa beds,sofa beds sale,SEM Sofas,Exact
sofa beds,sale sofa beds,SEM Sofas,Exact
sofa beds,sofa beds bargain,SEM Sofas,Exact
sofa beds,bargain sofa beds,SEM Sofas,Exact
sofa beds,sofa beds affordable,SEM Sofas,Exact
sofa beds,affordable sofa beds,SEM Sofas,Exact
sofa beds,sofa beds cheap,SEM Sofas,Exact
sofa beds,cheap sofa beds,SEM Sofas,Exact
sofa beds,sofa beds low cost,SEM Sofas,Exact
sofa beds,low cost sofa beds,SEM Sofas,Exact
sofa beds,sofa beds low price,SEM Sofas,Exact
sofa beds,low price sofa beds,SEM Sofas,Exact
sofa beds,sofa beds budget,SEM Sofas,Exact
sofa beds,budget sofa beds,SEM Sofas,Exact
sofa beds,sofa beds inexpensive,SEM Sofas,Exact
sofa beds,inexpensive sofa beds,SEM Sofas,Exact
sofa beds,sofa beds economical,SEM Sofas,Exact
sofa beds,economical sofa beds,SEM Sofas,Exact
settee,settee sale,SEM Sofas,Exact
settee,sale settee,SEM Sofas,Exact
settee,settee bargain,SEM Sofas,Exact
settee,bargain settee,SEM Sofas,Exact
settee,settee affordable,SEM Sofas,Exact
settee,affordable settee,SEM Sofas,Exact
settee,settee cheap,SEM Sofas,Exact
settee,cheap settee,SEM Sofas,Exact
settee,settee low cost,SEM Sofas,Exact
settee,low cost settee,SEM Sofas,Exact
settee,settee low price,SEM Sofas,Exact
settee,low price settee,SEM Sofas,Exact
settee,settee budget,SEM Sofas,Exact
settee,budget settee,SEM Sofas,Exact
settee,settee inexpensive,SEM Sofas,Exact
settee,inexpensive settee,SEM Sofas,Exact
settee,settee economical,SEM Sofas,Exact
settee,economical settee,SEM Sofas,Exact
divan,divan sale,SEM Sofas,Exact
divan,sale divan,SEM Sofas,Exact
divan,divan bargain,SEM Sofas,Exact
divan,bargain divan,SEM Sofas,Exact
divan,divan affordable,SEM Sofas,Exact
divan,affordable divan,SEM Sofas,Exact
divan,divan cheap,SEM Sofas,Exact
divan,cheap divan,SEM Sofas,Exact
divan,divan low cost,SEM Sofas,Exact
divan,low cost divan,SEM Sofas,Exact
divan,divan low price,SEM Sofas,Exact
divan,low price divan,SEM Sofas,Exact
divan,divan budget,SEM Sofas,Exact
divan,budget divan,SEM Sofas,Exact
divan,divan inexpensive,SEM Sofas,Exact
divan,inexpensive divan,SEM Sofas,Exact
divan,divan economical,SEM Sofas,Exact
divan,economical divan,SEM Sofas,Exact
daybed,daybed sale,SEM Sofas,Exact
daybed,sale daybed,SEM Sofas,Exact
daybed,daybed bargain,SEM Sofas,Exact
daybed,bargain daybed,SEM Sofas,Exact
daybed,daybed affordable,SEM Sofas,Exact
daybed,affordable daybed,SEM Sofas,Exact
daybed,daybed cheap,SEM Sofas,Exact
daybed,cheap daybed,SEM Sofas,Exact
daybed,daybed low cost,SEM Sofas,Exact
daybed,low cost daybed,SEM Sofas,Exact
daybed,daybed low price,SEM Sofas,Exact
daybed,low price daybed,SEM Sofas,Exact
daybed,daybed budget,SEM Sofas,Exact
daybed,budget daybed,SEM Sofas,Exact
daybed,daybed inexpensive,SEM Sofas,Exact
daybed,inexpensive daybed,SEM Sofas,Exact
daybed,daybed economical,SEM Sofas,Exact
daybed,economical daybed,SEM Sofas,Exact
